{
  "FacebookRandomScheme": [
    [
      0, 
      0
    ], 
    [
      100, 
      0.0
    ], 
    [
      200, 
      0.0
    ], 
    [
      300, 
      0.01
    ], 
    [
      400, 
      0.01
    ], 
    [
      500, 
      0.02
    ], 
    [
      600, 
      0.029999999999999999
    ], 
    [
      700, 
      0.0
    ], 
    [
      800, 
      0.040000000000000001
    ], 
    [
      900, 
      0.02
    ], 
    [
      1000, 
      0.040000000000000001
    ], 
    [
      1100, 
      0.029999999999999999
    ], 
    [
      1200, 
      0.059999999999999998
    ], 
    [
      1300, 
      0.029999999999999999
    ], 
    [
      1400, 
      0.040000000000000001
    ], 
    [
      1500, 
      0.050000000000000003
    ], 
    [
      1600, 
      0.050000000000000003
    ], 
    [
      1700, 
      0.050000000000000003
    ], 
    [
      1800, 
      0.14000000000000001
    ], 
    [
      1900, 
      0.059999999999999998
    ], 
    [
      2000, 
      0.13
    ]
  ], 
  "RamcloudCopysetScheme": [
    [
      0, 
      0
    ], 
    [
      100, 
      0.0
    ], 
    [
      200, 
      0.0
    ], 
    [
      300, 
      0.0
    ], 
    [
      400, 
      0.0
    ], 
    [
      500, 
      0.0
    ], 
    [
      600, 
      0.0
    ], 
    [
      700, 
      0.0
    ], 
    [
      800, 
      0.0
    ], 
    [
      900, 
      0.0
    ], 
    [
      1000, 
      0.0
    ], 
    [
      1100, 
      0.0
    ], 
    [
      1200, 
      0.0
    ], 
    [
      1300, 
      0.0
    ], 
    [
      1400, 
      0.0
    ], 
    [
      1500, 
      0.0
    ], 
    [
      1600, 
      0.0
    ], 
    [
      1700, 
      0.0
    ], 
    [
      1800, 
      0.01
    ], 
    [
      1900, 
      0.0
    ], 
    [
      2000, 
      0.0
    ]
  ], 
  "RamcloudRandomScheme": [
    [
      0, 
      0
    ], 
    [
      100, 
      0.0
    ], 
    [
      200, 
      0.0
    ], 
    [
      300, 
      0.19
    ], 
    [
      400, 
      0.44
    ], 
    [
      500, 
      0.51000000000000001
    ], 
    [
      600, 
      0.62
    ], 
    [
      700, 
      0.63
    ], 
    [
      800, 
      0.68999999999999995
    ], 
    [
      900, 
      0.81000000000000005
    ], 
    [
      1000, 
      0.85999999999999999
    ], 
    [
      1100, 
      0.89000000000000001
    ], 
    [
      1200, 
      0.90000000000000002
    ], 
    [
      1300, 
      0.92000000000000004
    ], 
    [
      1400, 
      0.96999999999999997
    ], 
    [
      1500, 
      0.96999999999999997
    ], 
    [
      1600, 
      0.97999999999999998
    ], 
    [
      1700, 
      0.96999999999999997
    ], 
    [
      1800, 
      1.0
    ], 
    [
      1900, 
      1.0
    ], 
    [
      2000, 
      0.98999999999999999
    ]
  ], 
  "HdfsRandomScheme": [
    [
      0, 
      0
    ], 
    [
      100, 
      0.0
    ], 
    [
      200, 
      0.0
    ], 
    [
      300, 
      0.20000000000000001
    ], 
    [
      400, 
      0.46000000000000002
    ], 
    [
      500, 
      0.56999999999999995
    ], 
    [
      600, 
      0.69999999999999996
    ], 
    [
      700, 
      0.71999999999999997
    ], 
    [
      800, 
      0.83999999999999997
    ], 
    [
      900, 
      0.89000000000000001
    ], 
    [
      1000, 
      0.96999999999999997
    ], 
    [
      1100, 
      0.93000000000000005
    ], 
    [
      1200, 
      0.94999999999999996
    ], 
    [
      1300, 
      1.0
    ], 
    [
      1400, 
      1.0
    ], 
    [
      1500, 
      0.96999999999999997
    ], 
    [
      1600, 
      0.97999999999999998
    ], 
    [
      1700, 
      0.98999999999999999
    ], 
    [
      1800, 
      0.97999999999999998
    ], 
    [
      1900, 
      0.98999999999999999
    ], 
    [
      2000, 
      1.0
    ]
  ], 
  "FacebookCopysetScheme": [
    [
      0, 
      0
    ], 
    [
      100, 
      0.0
    ], 
    [
      200, 
      0.0
    ], 
    [
      300, 
      0.0
    ], 
    [
      400, 
      0.0
    ], 
    [
      500, 
      0.0
    ], 
    [
      600, 
      0.0
    ], 
    [
      700, 
      0.0
    ], 
    [
      800, 
      0.0
    ], 
    [
      900, 
      0.0
    ], 
    [
      1000, 
      0.0
    ], 
    [
      1100, 
      0.0
    ], 
    [
      1200, 
      0.0
    ], 
    [
      1300, 
      0.01
    ], 
    [
      1400, 
      0.0
    ], 
    [
      1500, 
      0.0
    ], 
    [
      1600, 
      0.02
    ], 
    [
      1700, 
      0.0
    ], 
    [
      1800, 
      0.0
    ], 
    [
      1900, 
      0.01
    ], 
    [
      2000, 
      0.0
    ]
  ], 
  "HdfsCopysetScheme": [
    [
      0, 
      0
    ], 
    [
      100, 
      0.0
    ], 
    [
      200, 
      0.0
    ], 
    [
      300, 
      0.0
    ], 
    [
      400, 
      0.0
    ], 
    [
      500, 
      0.01
    ], 
    [
      600, 
      0.02
    ], 
    [
      700, 
      0.0
    ], 
    [
      800, 
      0.0
    ], 
    [
      900, 
      0.02
    ], 
    [
      1000, 
      0.040000000000000001
    ], 
    [
      1100, 
      0.040000000000000001
    ], 
    [
      1200, 
      0.02
    ], 
    [
      1300, 
      0.0
    ], 
    [
      1400, 
      0.050000000000000003
    ], 
    [
      1500, 
      0.050000000000000003
    ], 
    [
      1600, 
      0.01
    ], 
    [
      1700, 
      0.02
    ], 
    [
      1800, 
      0.050000000000000003
    ], 
    [
      1900, 
      0.040000000000000001
    ], 
    [
      2000, 
      0.029999999999999999
    ]
  ]
}