{
  "RamcloudCopysetScheme": [
    [
      0, 
      0
    ], 
    [
      1000, 
      0.00020000000000000001
    ], 
    [
      2000, 
      0.00069999999999999999
    ], 
    [
      3000, 
      0.00089999999999999998
    ], 
    [
      4000, 
      0.0018
    ], 
    [
      5000, 
      0.0020999999999999999
    ], 
    [
      6000, 
      0.0011999999999999999
    ], 
    [
      7000, 
      0.0030000000000000001
    ], 
    [
      8000, 
      0.0022000000000000001
    ], 
    [
      9000, 
      0.0032000000000000002
    ], 
    [
      10000, 
      0.0027000000000000001
    ]
  ], 
  "FacebookCopysetScheme": [
    [
      0, 
      0
    ], 
    [
      1000, 
      0.0014
    ], 
    [
      2000, 
      0.0033
    ], 
    [
      3000, 
      0.0051000000000000004
    ], 
    [
      4000, 
      0.0063
    ], 
    [
      5000, 
      0.0079000000000000008
    ], 
    [
      6000, 
      0.0097000000000000003
    ], 
    [
      7000, 
      0.0124
    ], 
    [
      8000, 
      0.013100000000000001
    ], 
    [
      9000, 
      0.014200000000000001
    ], 
    [
      10000, 
      0.014999999999999999
    ]
  ], 
  "HdfsCopysetScheme": [
    [
      0, 
      0
    ], 
    [
      1000, 
      0.0241
    ], 
    [
      2000, 
      0.054899999999999997
    ], 
    [
      3000, 
      0.090700000000000003
    ], 
    [
      4000, 
      0.1116
    ], 
    [
      5000, 
      0.1429
    ], 
    [
      6000, 
      0.17050000000000001
    ], 
    [
      7000, 
      0.2031
    ], 
    [
      8000, 
      0.2276
    ], 
    [
      9000, 
      0.25319999999999998
    ], 
    [
      10000, 
      0.28100000000000003
    ]
  ]
}