{
  "FacebookRandomScheme": [
    [
      0, 
      0
    ], 
    [
      100, 
      0.0
    ], 
    [
      200, 
      0.0
    ], 
    [
      300, 
      0.0037036205696842073
    ], 
    [
      400, 
      0.0082863637705105075
    ], 
    [
      500, 
      0.013200495401120005
    ], 
    [
      600, 
      0.018264986099656877
    ], 
    [
      700, 
      0.023402606279659288
    ], 
    [
      800, 
      0.028574890805866726
    ], 
    [
      900, 
      0.03376056438724151
    ], 
    [
      1000, 
      0.038946934602962613
    ], 
    [
      1100, 
      0.044125986051887556
    ], 
    [
      1200, 
      0.049292429556944017
    ], 
    [
      1300, 
      0.054442652540861003
    ], 
    [
      1400, 
      0.059574119576709772
    ], 
    [
      1500, 
      0.064685012870897562
    ], 
    [
      1600, 
      0.069774007639086366
    ], 
    [
      1700, 
      0.074840126800161055
    ], 
    [
      1800, 
      0.079882644126646918
    ], 
    [
      1900, 
      0.08490101799167693
    ], 
    [
      2000, 
      0.089894844999779955
    ]
  ], 
  "RamcloudCopysetScheme": [
    [
      0, 
      0
    ], 
    [
      100, 
      0.0
    ], 
    [
      200, 
      0.0
    ], 
    [
      300, 
      2.2446185270807995e-05
    ], 
    [
      400, 
      5.0250309343580213e-05
    ], 
    [
      500, 
      8.0157429148464132e-05
    ], 
    [
      600, 
      0.00011166291188569044
    ], 
    [
      700, 
      0.0001432565066696867
    ], 
    [
      800, 
      0.00017520394790015992
    ], 
    [
      900, 
      0.00020807916841669716
    ], 
    [
      1000, 
      0.00024045228959368448
    ], 
    [
      1100, 
      0.00027293840355180343
    ], 
    [
      1200, 
      0.00030627423417439736
    ], 
    [
      1300, 
      0.00033892580341976508
    ], 
    [
      1400, 
      0.00037162518719868753
    ], 
    [
      1500, 
      0.00040517266927209139
    ], 
    [
      1600, 
      0.00043795180189709626
    ], 
    [
      1700, 
      0.00047075453817502222
    ], 
    [
      1800, 
      0.00050441719429894505
    ], 
    [
      1900, 
      0.00053726356888961213
    ], 
    [
      2000, 
      0.00057012270351275429
    ]
  ], 
  "RamcloudRandomScheme": [
    [
      0, 
      0
    ], 
    [
      100, 
      0.0
    ], 
    [
      200, 
      0.0
    ], 
    [
      300, 
      0.16437012925769889
    ], 
    [
      400, 
      0.33169954159575687
    ], 
    [
      500, 
      0.47473794662223756
    ], 
    [
      600, 
      0.59071802239745308
    ], 
    [
      700, 
      0.6826567938771535
    ], 
    [
      800, 
      0.75469810360545742
    ], 
    [
      900, 
      0.81077246030916905
    ], 
    [
      1000, 
      0.85423706107522235
    ], 
    [
      1100, 
      0.88783472312728162
    ], 
    [
      1200, 
      0.91375544865336744
    ], 
    [
      1300, 
      0.93372566777687749
    ], 
    [
      1400, 
      0.94909567908015335
    ], 
    [
      1500, 
      0.96091584202274682
    ], 
    [
      1600, 
      0.97000045236570442
    ], 
    [
      1700, 
      0.97697926396583978
    ], 
    [
      1800, 
      0.98233828704788873
    ], 
    [
      1900, 
      0.98645215253141483
    ], 
    [
      2000, 
      0.98960935771531933
    ]
  ], 
  "HdfsRandomScheme": [
    [
      0, 
      0
    ], 
    [
      100, 
      0.0
    ], 
    [
      200, 
      0.0
    ], 
    [
      300, 
      0.20105396634160966
    ], 
    [
      400, 
      0.39575284159397162
    ], 
    [
      500, 
      0.55283264962991741
    ], 
    [
      600, 
      0.67263799152651693
    ], 
    [
      700, 
      0.7618166644588068
    ], 
    [
      800, 
      0.8273660515963378
    ], 
    [
      900, 
      0.87519544719734543
    ], 
    [
      1000, 
      0.90993444318138528
    ], 
    [
      1100, 
      0.93508827927493976
    ], 
    [
      1200, 
      0.95326259621580389
    ], 
    [
      1300, 
      0.96637351050589515
    ], 
    [
      1400, 
      0.97582071819870253
    ], 
    [
      1500, 
      0.98262195369762895
    ], 
    [
      1600, 
      0.98751486611063255
    ], 
    [
      1700, 
      0.99103296021472487
    ], 
    [
      1800, 
      0.99356140619161104
    ], 
    [
      1900, 
      0.99537791754609573
    ], 
    [
      2000, 
      0.99668255993646593
    ]
  ], 
  "FacebookCopysetScheme": [
    [
      0, 
      0
    ], 
    [
      100, 
      0.0
    ], 
    [
      200, 
      0.0
    ], 
    [
      300, 
      0.00011223092635403997
    ], 
    [
      400, 
      0.00025161036650023227
    ], 
    [
      500, 
      0.00040217747912874025
    ], 
    [
      600, 
      0.0005581961189127238
    ], 
    [
      700, 
      0.00071669764841197914
    ], 
    [
      800, 
      0.00087769275956794957
    ], 
    [
      900, 
      0.0010399681129190652
    ], 
    [
      1000, 
      0.0012024095316838235
    ], 
    [
      1100, 
      0.0013661862449935169
    ], 
    [
      1200, 
      0.0015304376776217321
    ], 
    [
      1300, 
      0.0016942662596703961
    ], 
    [
      1400, 
      0.0018591376315331143
    ], 
    [
      1500, 
      0.0020242259645421035
    ], 
    [
      1600, 
      0.0021886653080491758
    ], 
    [
      1700, 
      0.0023540507768401442
    ], 
    [
      1800, 
      0.0025195459991698144
    ], 
    [
      1900, 
      0.0026842825553196059
    ], 
    [
      2000, 
      0.0028499293563046812
    ]
  ], 
  "HdfsCopysetScheme": [
    [
      0, 
      0
    ], 
    [
      100, 
      0.0
    ], 
    [
      200, 
      0.0
    ], 
    [
      300, 
      0.0022446185270813546
    ], 
    [
      400, 
      0.005028085465062726
    ], 
    [
      500, 
      0.0080188195628164705
    ], 
    [
      600, 
      0.011107849290612593
    ], 
    [
      700, 
      0.01424741102169591
    ], 
    [
      800, 
      0.017414713290344497
    ], 
    [
      900, 
      0.020597546259713662
    ], 
    [
      1000, 
      0.02378686693685228
    ], 
    [
      1100, 
      0.026978436088879953
    ], 
    [
      1200, 
      0.030169753103658659
    ], 
    [
      1300, 
      0.033357113306569874
    ], 
    [
      1400, 
      0.036539658982868484
    ], 
    [
      1500, 
      0.039717017180357472
    ], 
    [
      1600, 
      0.042886785022957841
    ], 
    [
      1700, 
      0.046049086448384347
    ], 
    [
      1800, 
      0.049204227575171955
    ], 
    [
      1900, 
      0.052350232099238947
    ], 
    [
      2000, 
      0.055487595103649756
    ]
  ]
}