{
  "FacebookRandomScheme": [
    [
      0, 
      0
    ], 
    [
      100, 
      0.0
    ], 
    [
      200, 
      0.0
    ], 
    [
      300, 
      0.0080000000000000002
    ], 
    [
      400, 
      0.0070000000000000001
    ], 
    [
      500, 
      0.0089999999999999993
    ], 
    [
      600, 
      0.014999999999999999
    ], 
    [
      700, 
      0.029999999999999999
    ], 
    [
      800, 
      0.027
    ], 
    [
      900, 
      0.036999999999999998
    ], 
    [
      1000, 
      0.040000000000000001
    ], 
    [
      1100, 
      0.040000000000000001
    ], 
    [
      1200, 
      0.048000000000000001
    ], 
    [
      1300, 
      0.052999999999999999
    ], 
    [
      1400, 
      0.056000000000000001
    ], 
    [
      1500, 
      0.053999999999999999
    ], 
    [
      1600, 
      0.066000000000000003
    ], 
    [
      1700, 
      0.064000000000000001
    ], 
    [
      1800, 
      0.069000000000000006
    ], 
    [
      1900, 
      0.086999999999999994
    ], 
    [
      2000, 
      0.085999999999999993
    ]
  ], 
  "RamcloudCopysetScheme": [
    [
      0, 
      0
    ], 
    [
      100, 
      0.0
    ], 
    [
      200, 
      0.0
    ], 
    [
      300, 
      0.0
    ], 
    [
      400, 
      0.0
    ], 
    [
      500, 
      0.0
    ], 
    [
      600, 
      0.0
    ], 
    [
      700, 
      0.0
    ], 
    [
      800, 
      0.0
    ], 
    [
      900, 
      0.0
    ], 
    [
      1000, 
      0.0
    ], 
    [
      1100, 
      0.001
    ], 
    [
      1200, 
      0.0
    ], 
    [
      1300, 
      0.001
    ], 
    [
      1400, 
      0.0
    ], 
    [
      1500, 
      0.0
    ], 
    [
      1600, 
      0.0
    ], 
    [
      1700, 
      0.002
    ], 
    [
      1800, 
      0.001
    ], 
    [
      1900, 
      0.0
    ], 
    [
      2000, 
      0.001
    ]
  ], 
  "RamcloudRandomScheme": [
    [
      0, 
      0
    ], 
    [
      100, 
      0.0
    ], 
    [
      200, 
      0.0
    ], 
    [
      300, 
      0.14699999999999999
    ], 
    [
      400, 
      0.312
    ], 
    [
      500, 
      0.439
    ], 
    [
      600, 
      0.60899999999999999
    ], 
    [
      700, 
      0.71699999999999997
    ], 
    [
      800, 
      0.748
    ], 
    [
      900, 
      0.81299999999999994
    ], 
    [
      1000, 
      0.84899999999999998
    ], 
    [
      1100, 
      0.89300000000000002
    ], 
    [
      1200, 
      0.91400000000000003
    ], 
    [
      1300, 
      0.92500000000000004
    ], 
    [
      1400, 
      0.95199999999999996
    ], 
    [
      1500, 
      0.96699999999999997
    ], 
    [
      1600, 
      0.96899999999999997
    ], 
    [
      1700, 
      0.99099999999999999
    ], 
    [
      1800, 
      0.97999999999999998
    ], 
    [
      1900, 
      0.98299999999999998
    ], 
    [
      2000, 
      0.99199999999999999
    ]
  ], 
  "HdfsRandomScheme": [
    [
      0, 
      0
    ], 
    [
      100, 
      0.0
    ], 
    [
      200, 
      0.0
    ], 
    [
      300, 
      0.23200000000000001
    ], 
    [
      400, 
      0.39500000000000002
    ], 
    [
      500, 
      0.55400000000000005
    ], 
    [
      600, 
      0.66300000000000003
    ], 
    [
      700, 
      0.75800000000000001
    ], 
    [
      800, 
      0.81399999999999995
    ], 
    [
      900, 
      0.873
    ], 
    [
      1000, 
      0.90200000000000002
    ], 
    [
      1100, 
      0.94299999999999995
    ], 
    [
      1200, 
      0.96199999999999997
    ], 
    [
      1300, 
      0.96099999999999997
    ], 
    [
      1400, 
      0.97999999999999998
    ], 
    [
      1500, 
      0.98699999999999999
    ], 
    [
      1600, 
      0.98699999999999999
    ], 
    [
      1700, 
      0.98899999999999999
    ], 
    [
      1800, 
      0.98599999999999999
    ], 
    [
      1900, 
      0.99199999999999999
    ], 
    [
      2000, 
      0.998
    ]
  ], 
  "FacebookCopysetScheme": [
    [
      0, 
      0
    ], 
    [
      100, 
      0.0
    ], 
    [
      200, 
      0.0
    ], 
    [
      300, 
      0.0
    ], 
    [
      400, 
      0.0
    ], 
    [
      500, 
      0.0
    ], 
    [
      600, 
      0.001
    ], 
    [
      700, 
      0.001
    ], 
    [
      800, 
      0.001
    ], 
    [
      900, 
      0.001
    ], 
    [
      1000, 
      0.001
    ], 
    [
      1100, 
      0.002
    ], 
    [
      1200, 
      0.001
    ], 
    [
      1300, 
      0.002
    ], 
    [
      1400, 
      0.0030000000000000001
    ], 
    [
      1500, 
      0.0
    ], 
    [
      1600, 
      0.002
    ], 
    [
      1700, 
      0.0040000000000000001
    ], 
    [
      1800, 
      0.002
    ], 
    [
      1900, 
      0.0030000000000000001
    ], 
    [
      2000, 
      0.001
    ]
  ], 
  "HdfsCopysetScheme": [
    [
      0, 
      0
    ], 
    [
      100, 
      0.0
    ], 
    [
      200, 
      0.0
    ], 
    [
      300, 
      0.001
    ], 
    [
      400, 
      0.0070000000000000001
    ], 
    [
      500, 
      0.0040000000000000001
    ], 
    [
      600, 
      0.0089999999999999993
    ], 
    [
      700, 
      0.010999999999999999
    ], 
    [
      800, 
      0.014999999999999999
    ], 
    [
      900, 
      0.016
    ], 
    [
      1000, 
      0.027
    ], 
    [
      1100, 
      0.028000000000000001
    ], 
    [
      1200, 
      0.027
    ], 
    [
      1300, 
      0.033000000000000002
    ], 
    [
      1400, 
      0.039
    ], 
    [
      1500, 
      0.031
    ], 
    [
      1600, 
      0.043999999999999997
    ], 
    [
      1700, 
      0.048000000000000001
    ], 
    [
      1800, 
      0.057000000000000002
    ], 
    [
      1900, 
      0.053999999999999999
    ], 
    [
      2000, 
      0.063
    ]
  ]
}