{
  "RamcloudCopysetScheme": [
    [
      0, 
      0
    ], 
    [
      1000, 
      0.00024045228959368448
    ], 
    [
      2000, 
      0.00057012270351275429
    ], 
    [
      3000, 
      0.0009027175521981734
    ], 
    [
      4000, 
      0.0012348548242542279
    ], 
    [
      5000, 
      0.0015670845633003472
    ], 
    [
      6000, 
      0.0019002543159108987
    ], 
    [
      7000, 
      0.0022324287249331221
    ], 
    [
      8000, 
      0.0025645269810787852
    ], 
    [
      9000, 
      0.0028975020535259022
    ], 
    [
      10000, 
      0.0032294211255780025
    ]
  ], 
  "FacebookCopysetScheme": [
    [
      0, 
      0
    ], 
    [
      1000, 
      0.0012024095316838235
    ], 
    [
      2000, 
      0.0028499293563046812
    ], 
    [
      3000, 
      0.0045054481244695133
    ], 
    [
      4000, 
      0.0061599670496839121
    ], 
    [
      5000, 
      0.0078137070112962448
    ], 
    [
      6000, 
      0.0094652315145014043
    ], 
    [
      7000, 
      0.011113365603854342
    ], 
    [
      8000, 
      0.012759888840368272
    ], 
    [
      9000, 
      0.014403798713460647
    ], 
    [
      10000, 
      0.016044105845947398
    ]
  ], 
  "HdfsCopysetScheme": [
    [
      0, 
      0
    ], 
    [
      1000, 
      0.02378686693685228
    ], 
    [
      2000, 
      0.055487595103649756
    ], 
    [
      3000, 
      0.086355304752777307
    ], 
    [
      4000, 
      0.11626067682336183
    ], 
    [
      5000, 
      0.14520544399983271
    ], 
    [
      6000, 
      0.17321180751916954
    ], 
    [
      7000, 
      0.20030469731113887
    ], 
    [
      8000, 
      0.22651273149359663
    ], 
    [
      9000, 
      0.25186448592084643
    ], 
    [
      10000, 
      0.27638590217192338
    ]
  ]
}